trial,fault,target,tensor_name,magnitude,status,exceptions,det_flags,det_scan,det_output_only
1,invalid,1,anchors,,ACTIVATED_EXCEPTION,invalid,True,True,False
2,invalid,1,anchors,,ACTIVATED_EXCEPTION,invalid,True,True,False
3,invalid,1,anchors,,ACTIVATED_EXCEPTION,invalid,True,True,False
4,invalid,1,anchors,,ACTIVATED_EXCEPTION,invalid,True,True,False
5,invalid,1,anchors,,ACTIVATED_EXCEPTION,invalid,True,True,False
6,invalid,1,anchors,,ACTIVATED_EXCEPTION,invalid,True,True,False
7,invalid,1,anchors,,ACTIVATED_EXCEPTION,invalid,True,True,False
8,invalid,1,anchors,,ACTIVATED_EXCEPTION,invalid,True,True,False
9,invalid,1,anchors,,ACTIVATED_EXCEPTION,invalid,True,True,False
10,invalid,1,anchors,,ACTIVATED_EXCEPTION,invalid,True,True,False
11,invalid,1,anchors,,ACTIVATED_EXCEPTION,invalid,True,True,False
12,invalid,1,anchors,,ACTIVATED_EXCEPTION,invalid,True,True,False
13,invalid,1,anchors,,ACTIVATED_EXCEPTION,invalid,True,True,False
14,invalid,1,anchors,,ACTIVATED_BOTH,invalid,True,True,True
15,invalid,1,anchors,,ACTIVATED_EXCEPTION,invalid,True,True,False
16,invalid,1,anchors,,ACTIVATED_EXCEPTION,invalid,True,True,False
17,invalid,1,anchors,,ACTIVATED_EXCEPTION,invalid,True,True,False
18,invalid,1,anchors,,ACTIVATED_EXCEPTION,invalid,True,True,False
19,invalid,1,anchors,,ACTIVATED_EXCEPTION,invalid,True,True,False
20,invalid,1,anchors,,ACTIVATED_EXCEPTION,invalid,True,True,False
21,invalid,1,anchors,,ACTIVATED_EXCEPTION,invalid,True,True,False
22,invalid,1,anchors,,ACTIVATED_EXCEPTION,invalid,True,True,False
23,invalid,1,anchors,,ACTIVATED_EXCEPTION,invalid,True,True,False
24,invalid,1,anchors,,ACTIVATED_EXCEPTION,invalid,True,True,False
25,invalid,1,anchors,,ACTIVATED_EXCEPTION,invalid,True,True,False
26,invalid,1,anchors,,ACTIVATED_EXCEPTION,invalid,True,True,False
27,invalid,1,anchors,,ACTIVATED_EXCEPTION,invalid,True,True,False
28,invalid,1,anchors,,ACTIVATED_EXCEPTION,invalid,True,True,False
29,invalid,1,anchors,,ACTIVATED_EXCEPTION,invalid,True,True,False
30,invalid,1,anchors,,ACTIVATED_EXCEPTION,invalid,True,True,False
31,divzero,1,anchors,,NOT_ACTIVATED,,False,False,False
32,divzero,1,anchors,,NOT_ACTIVATED,,False,False,False
33,divzero,1,anchors,,NOT_ACTIVATED,,False,False,False
34,divzero,1,anchors,,NOT_ACTIVATED,,False,False,False
35,divzero,1,anchors,,NOT_ACTIVATED,,False,False,False
36,divzero,1,anchors,,NOT_ACTIVATED,,False,False,False
37,divzero,1,anchors,,NOT_ACTIVATED,,False,False,False
38,divzero,1,anchors,,NOT_ACTIVATED,,False,False,False
39,divzero,1,anchors,,NOT_ACTIVATED,,False,False,False
40,divzero,1,anchors,,NOT_ACTIVATED,,False,False,False
41,divzero,1,anchors,,NOT_ACTIVATED,,False,False,False
42,divzero,1,anchors,,NOT_ACTIVATED,,False,False,False
43,divzero,1,anchors,,NOT_ACTIVATED,,False,False,False
44,divzero,1,anchors,,NOT_ACTIVATED,,False,False,False
45,divzero,1,anchors,,NOT_ACTIVATED,,False,False,False
46,divzero,1,anchors,,NOT_ACTIVATED,,False,False,False
47,divzero,1,anchors,,NOT_ACTIVATED,,False,False,False
48,divzero,1,anchors,,NOT_ACTIVATED,,False,False,False
49,divzero,1,anchors,,NOT_ACTIVATED,,False,False,False
50,divzero,1,anchors,,NOT_ACTIVATED,,False,False,False
51,divzero,1,anchors,,NOT_ACTIVATED,,False,False,False
52,divzero,1,anchors,,NOT_ACTIVATED,,False,False,False
53,divzero,1,anchors,,NOT_ACTIVATED,,False,False,False
54,divzero,1,anchors,,NOT_ACTIVATED,,False,False,False
55,divzero,1,anchors,,NOT_ACTIVATED,,False,False,False
56,divzero,1,anchors,,NOT_ACTIVATED,,False,False,False
57,divzero,1,anchors,,NOT_ACTIVATED,,False,False,False
58,divzero,1,anchors,,NOT_ACTIVATED,,False,False,False
59,divzero,1,anchors,,NOT_ACTIVATED,,False,False,False
60,divzero,1,anchors,,NOT_ACTIVATED,,False,False,False
61,inf,1,anchors,,ACTIVATED_EXCEPTION,invalid,True,True,False
62,inf,1,anchors,,ACTIVATED_EXCEPTION,invalid,True,True,False
63,inf,1,anchors,,ACTIVATED_EXCEPTION,invalid,True,True,False
64,inf,1,anchors,,ACTIVATED_EXCEPTION,invalid,True,True,False
65,inf,1,anchors,,ACTIVATED_EXCEPTION,invalid,True,True,False
66,inf,1,anchors,,ACTIVATED_EXCEPTION,invalid,True,True,False
67,inf,1,anchors,,ACTIVATED_EXCEPTION,invalid,True,True,False
68,inf,1,anchors,,ACTIVATED_EXCEPTION,invalid,True,True,False
69,inf,1,anchors,,ACTIVATED_EXCEPTION,invalid,True,True,False
70,inf,1,anchors,,ACTIVATED_EXCEPTION,invalid,True,True,False
71,inf,1,anchors,,ACTIVATED_EXCEPTION,invalid,True,True,False
72,inf,1,anchors,,ACTIVATED_BOTH,invalid,True,True,True
73,inf,1,anchors,,ACTIVATED_EXCEPTION,invalid,True,True,False
74,inf,1,anchors,,ACTIVATED_EXCEPTION,invalid,True,True,False
75,inf,1,anchors,,ACTIVATED_EXCEPTION,invalid,True,True,False
76,inf,1,anchors,,ACTIVATED_EXCEPTION,invalid,True,True,False
77,inf,1,anchors,,ACTIVATED_EXCEPTION,invalid,True,True,False
78,inf,1,anchors,,ACTIVATED_EXCEPTION,invalid,True,True,False
79,inf,1,anchors,,ACTIVATED_EXCEPTION,invalid,True,True,False
80,inf,1,anchors,,ACTIVATED_EXCEPTION,invalid,True,True,False
81,inf,1,anchors,,ACTIVATED_EXCEPTION,invalid,True,True,False
82,inf,1,anchors,,ACTIVATED_EXCEPTION,invalid,True,True,False
83,inf,1,anchors,,ACTIVATED_EXCEPTION,invalid,True,True,False
84,inf,1,anchors,,ACTIVATED_EXCEPTION,invalid,True,True,False
85,inf,1,anchors,,ACTIVATED_EXCEPTION,invalid,True,True,False
86,inf,1,anchors,,NOT_ACTIVATED,,False,True,False
87,inf,1,anchors,,NOT_ACTIVATED,,False,True,False
88,inf,1,anchors,,ACTIVATED_EXCEPTION,invalid,True,True,False
89,inf,1,anchors,,ACTIVATED_EXCEPTION,invalid,True,True,False
90,inf,1,anchors,,ACTIVATED_BOTH,invalid,True,True,True
91,saturate,219,FeatureExtractor/MobilenetV2/layer_19_2_,,NOT_ACTIVATED,,False,False,False
92,saturate,177,FeatureExtractor/MobilenetV2/expanded_co,,ACTIVATED_OUTPUT,,False,False,False
93,saturate,156,FeatureExtractor/MobilenetV2/expanded_co,,ACTIVATED_OUTPUT,,False,False,False
94,saturate,118,FeatureExtractor/MobilenetV2/expanded_co,,ACTIVATED_OUTPUT,,False,False,False
95,saturate,124,FeatureExtractor/MobilenetV2/expanded_co,,ACTIVATED_OUTPUT,,False,False,False
96,saturate,81,FeatureExtractor/MobilenetV2/expanded_co,,ACTIVATED_OUTPUT,,False,False,False
97,saturate,87,FeatureExtractor/MobilenetV2/expanded_co,,ACTIVATED_OUTPUT,,False,False,False
98,saturate,79,FeatureExtractor/MobilenetV2/expanded_co,,ACTIVATED_OUTPUT,,False,False,False
99,saturate,102,FeatureExtractor/MobilenetV2/expanded_co,,ACTIVATED_OUTPUT,,False,False,False
100,saturate,209,BoxPredictor_2/BoxEncodingPredictor/Conv,,NOT_ACTIVATED,,False,False,False
101,saturate,179,FeatureExtractor/MobilenetV2/expanded_co,,ACTIVATED_OUTPUT,,False,False,False
102,saturate,231,FeatureExtractor/MobilenetV2/layer_19_2_,,NOT_ACTIVATED,,False,False,False
103,saturate,156,FeatureExtractor/MobilenetV2/expanded_co,,ACTIVATED_OUTPUT,,False,False,False
104,saturate,173,FeatureExtractor/MobilenetV2/expanded_co,,ACTIVATED_OUTPUT,,False,False,False
105,saturate,243,FeatureExtractor/MobilenetV2/layer_19_2_,,ACTIVATED_OUTPUT,,False,False,False
106,saturate,193,FeatureExtractor/MobilenetV2/expanded_co,,ACTIVATED_OUTPUT,,False,False,False
107,saturate,177,FeatureExtractor/MobilenetV2/expanded_co,,ACTIVATED_OUTPUT,,False,False,False
108,saturate,163,FeatureExtractor/MobilenetV2/expanded_co,,NOT_ACTIVATED,,False,False,False
109,saturate,165,BoxPredictor_0/BoxEncodingPredictor/Conv,,NOT_ACTIVATED,,False,False,False
110,saturate,237,BoxPredictor_4/ClassPredictor/Conv2D;Box,,NOT_ACTIVATED,,False,False,False
111,saturate,118,FeatureExtractor/MobilenetV2/expanded_co,,ACTIVATED_OUTPUT,,False,False,False
112,saturate,209,BoxPredictor_2/BoxEncodingPredictor/Conv,,NOT_ACTIVATED,,False,False,False
113,saturate,184,FeatureExtractor/MobilenetV2/expanded_co,,ACTIVATED_OUTPUT,,False,False,False
114,saturate,77,FeatureExtractor/MobilenetV2/Conv/Conv2D,,ACTIVATED_OUTPUT,,False,False,False
115,saturate,138,FeatureExtractor/MobilenetV2/expanded_co,,ACTIVATED_OUTPUT,,False,False,False
116,saturate,219,FeatureExtractor/MobilenetV2/layer_19_2_,,NOT_ACTIVATED,,False,False,False
117,saturate,163,FeatureExtractor/MobilenetV2/expanded_co,,ACTIVATED_OUTPUT,,False,False,False
118,saturate,81,FeatureExtractor/MobilenetV2/expanded_co,,ACTIVATED_OUTPUT,,False,False,False
119,saturate,201,BoxPredictor_1/ClassPredictor/Conv2D;Box,,NOT_ACTIVATED,,False,False,False
120,saturate,193,FeatureExtractor/MobilenetV2/expanded_co,,ACTIVATED_OUTPUT,,False,False,False
121,overflow,218,FeatureExtractor/MobilenetV2/layer_19_1_,8.0,REJECTED,,False,False,False
122,overflow,26,FeatureExtractor/MobilenetV2/expanded_co,200.0,REJECTED,,False,False,False
123,overflow,9,BoxPredictor_3/ClassPredictor/BiasAdd;Bo,30.0,REJECTED,,False,False,False
124,overflow,24,FeatureExtractor/MobilenetV2/expanded_co,10.0,REJECTED,,False,False,False
125,overflow,125,FeatureExtractor/MobilenetV2/expanded_co,20.0,REJECTED,,False,False,False
126,overflow,106,FeatureExtractor/MobilenetV2/expanded_co,5.0,REJECTED,,False,False,False
127,overflow,5,BoxPredictor_5/ClassPredictor/BiasAdd;Bo,8.0,REJECTED,,False,False,False
128,overflow,6,BoxPredictor_5/BoxEncodingPredictor/Bias,50.0,REJECTED,,False,False,False
129,overflow,136,FeatureExtractor/MobilenetV2/expanded_co,50.0,REJECTED,,False,False,False
130,overflow,69,FeatureExtractor/MobilenetV2/expanded_co,50.0,REJECTED,,False,False,False
131,overflow,197,BoxPredictor_1/BoxEncodingPredictor/Conv,15.0,REJECTED,,False,False,False
132,overflow,120,FeatureExtractor/MobilenetV2/expanded_co,500.0,REJECTED,,False,False,False
133,overflow,207,FeatureExtractor/MobilenetV2/layer_19_2_,500.0,REJECTED,,False,False,False
134,overflow,100,FeatureExtractor/MobilenetV2/expanded_co,50.0,REJECTED,,False,False,False
135,overflow,244,FeatureExtractor/MobilenetV2/layer_19_2_,50.0,REJECTED,,False,False,False
136,overflow,216,BoxPredictor_2/Reshape_1;BoxPredictor_2/,50.0,ACTIVATED_OUTPUT,,False,False,False
137,overflow,182,FeatureExtractor/MobilenetV2/expanded_co,15.0,REJECTED,,False,False,False
138,overflow,225,BoxPredictor_3/ClassPredictor/Conv2D;Box,8.0,REJECTED,,False,False,False
139,overflow,150,FeatureExtractor/MobilenetV2/expanded_co,100.0,REJECTED,,False,False,False
140,overflow,217,FeatureExtractor/MobilenetV2/layer_19_1_,30.0,REJECTED,,False,False,False
141,overflow,98,FeatureExtractor/MobilenetV2/expanded_co,15.0,REJECTED,,False,False,False
142,overflow,111,FeatureExtractor/MobilenetV2/expanded_co,20.0,REJECTED,,False,False,False
143,overflow,185,FeatureExtractor/MobilenetV2/expanded_co,200.0,REJECTED,,False,False,False
144,overflow,22,FeatureExtractor/MobilenetV2/expanded_co,500.0,REJECTED,,False,False,False
145,overflow,138,FeatureExtractor/MobilenetV2/expanded_co,15.0,REJECTED,,False,False,False
146,overflow,174,FeatureExtractor/MobilenetV2/expanded_co,30.0,REJECTED,,False,False,False
147,overflow,68,FeatureExtractor/MobilenetV2/expanded_co,15.0,REJECTED,,False,False,False
148,overflow,186,FeatureExtractor/MobilenetV2/expanded_co,30.0,REJECTED,,False,False,False
149,overflow,131,FeatureExtractor/MobilenetV2/expanded_co,15.0,REJECTED,,False,False,False
150,overflow,196,FeatureExtractor/MobilenetV2/Conv_1/Relu,15.0,REJECTED,,False,False,False
151,underflow,87,FeatureExtractor/MobilenetV2/expanded_co,1e-12,ACTIVATED_OUTPUT,,False,False,False
152,underflow,70,FeatureExtractor/MobilenetV2/expanded_co,0.001,REJECTED,,False,False,False
153,underflow,184,FeatureExtractor/MobilenetV2/expanded_co,1e-06,REJECTED,,False,False,False
154,underflow,16,FeatureExtractor/MobilenetV2/expanded_co,0.01,REJECTED,,False,False,False
155,underflow,99,FeatureExtractor/MobilenetV2/expanded_co,1e-10,REJECTED,,False,False,False
156,underflow,105,FeatureExtractor/MobilenetV2/expanded_co,1e-10,REJECTED,,False,False,False
157,underflow,84,FeatureExtractor/MobilenetV2/expanded_co,0.001,ACTIVATED_OUTPUT,,False,False,False
158,underflow,204,BoxPredictor_1/Reshape_1;BoxPredictor_1/,1e-12,ACTIVATED_OUTPUT,,False,False,False
159,underflow,24,FeatureExtractor/MobilenetV2/expanded_co,0.01,REJECTED,,False,False,False
160,underflow,173,FeatureExtractor/MobilenetV2/expanded_co,0.0001,ACTIVATED_OUTPUT,,False,False,False
161,underflow,149,FeatureExtractor/MobilenetV2/expanded_co,0.001,ACTIVATED_OUTPUT,,False,False,False
162,underflow,221,BoxPredictor_3/BoxEncodingPredictor/Conv,1e-05,ACTIVATED_OUTPUT,,False,False,False
163,underflow,230,FeatureExtractor/MobilenetV2/layer_19_1_,1e-10,REJECTED,,False,False,False
164,underflow,182,FeatureExtractor/MobilenetV2/expanded_co,0.001,ACTIVATED_OUTPUT,,False,False,False
165,underflow,198,BoxPredictor_1/BoxEncodingPredictor/Bias,0.01,ACTIVATED_OUTPUT,,False,False,False
166,underflow,148,FeatureExtractor/MobilenetV2/expanded_co,1e-05,ACTIVATED_OUTPUT,,False,False,False
167,underflow,257,convert_scores,0.001,REJECTED,,False,False,False
168,underflow,243,FeatureExtractor/MobilenetV2/layer_19_2_,0.01,ACTIVATED_OUTPUT,,False,False,False
169,underflow,161,FeatureExtractor/MobilenetV2/expanded_co,1e-06,ACTIVATED_OUTPUT,,False,False,False
170,underflow,231,FeatureExtractor/MobilenetV2/layer_19_2_,0.0001,ACTIVATED_OUTPUT,,False,False,False
171,underflow,232,FeatureExtractor/MobilenetV2/layer_19_2_,1e-08,ACTIVATED_OUTPUT,,False,False,False
172,underflow,229,FeatureExtractor/MobilenetV2/layer_19_1_,0.001,ACTIVATED_OUTPUT,,False,False,False
173,underflow,195,FeatureExtractor/MobilenetV2/Conv_1/Conv,1e-12,REJECTED,,False,False,False
174,underflow,16,FeatureExtractor/MobilenetV2/expanded_co,0.0001,NOT_ACTIVATED,,False,False,False
175,underflow,165,BoxPredictor_0/BoxEncodingPredictor/Conv,0.01,ACTIVATED_OUTPUT,,False,False,False
176,underflow,133,FeatureExtractor/MobilenetV2/expanded_co,1e-08,ACTIVATED_OUTPUT,,False,False,False
177,underflow,197,BoxPredictor_1/BoxEncodingPredictor/Conv,1e-12,ACTIVATED_OUTPUT,,False,False,False
178,underflow,107,FeatureExtractor/MobilenetV2/expanded_co,1e-05,ACTIVATED_OUTPUT,,False,False,False
179,underflow,123,FeatureExtractor/MobilenetV2/expanded_co,1e-12,REJECTED,,False,False,False
180,underflow,53,FeatureExtractor/MobilenetV2/expanded_co,1e-05,REJECTED,,False,False,False
181,scale_nan,16,FeatureExtractor/MobilenetV2/expanded_co,,REJECTED,,False,False,False
182,scale_nan,111,FeatureExtractor/MobilenetV2/expanded_co,,REJECTED,,False,False,False
183,scale_nan,243,FeatureExtractor/MobilenetV2/layer_19_2_,,REJECTED,,False,False,False
184,scale_nan,160,FeatureExtractor/MobilenetV2/expanded_co,,REJECTED,,False,False,False
185,scale_nan,92,FeatureExtractor/MobilenetV2/expanded_co,,REJECTED,,False,False,False
186,scale_nan,256,concat_1,,ACTIVATED_BOTH,invalid,True,False,False
187,scale_nan,156,FeatureExtractor/MobilenetV2/expanded_co,,REJECTED,,False,False,False
188,scale_nan,244,FeatureExtractor/MobilenetV2/layer_19_2_,,REJECTED,,False,False,False
189,scale_nan,8,BoxPredictor_4/BoxEncodingPredictor/Bias,,REJECTED,,False,False,False
190,scale_nan,120,FeatureExtractor/MobilenetV2/expanded_co,,REJECTED,,False,False,False
191,scale_nan,215,BoxPredictor_2/Reshape_1;BoxPredictor_2/,,ACTIVATED_OUTPUT,,False,False,False
192,scale_nan,195,FeatureExtractor/MobilenetV2/Conv_1/Conv,,REJECTED,,False,False,False
193,scale_nan,107,FeatureExtractor/MobilenetV2/expanded_co,,REJECTED,,False,False,False
194,scale_nan,129,FeatureExtractor/MobilenetV2/expanded_co,,REJECTED,,False,False,False
195,scale_nan,110,FeatureExtractor/MobilenetV2/expanded_co,,REJECTED,,False,False,False
196,scale_nan,137,FeatureExtractor/MobilenetV2/expanded_co,,REJECTED,,False,False,False
197,scale_nan,62,FeatureExtractor/MobilenetV2/expanded_co,,REJECTED,,False,False,False
198,scale_nan,202,BoxPredictor_1/ClassPredictor/BiasAdd;Bo,,REJECTED,,False,False,False
199,scale_nan,23,FeatureExtractor/MobilenetV2/expanded_co,,REJECTED,,False,False,False
200,scale_nan,108,FeatureExtractor/MobilenetV2/expanded_co,,CRASHED,,False,False,False
201,scale_nan,75,FeatureExtractor/MobilenetV2/Conv_1/Batc,,REJECTED,,False,False,False
202,scale_nan,189,FeatureExtractor/MobilenetV2/expanded_co,,REJECTED,,False,False,False
203,scale_nan,193,FeatureExtractor/MobilenetV2/expanded_co,,REJECTED,,False,False,False
204,scale_nan,183,FeatureExtractor/MobilenetV2/expanded_co,,REJECTED,,False,False,False
205,scale_nan,237,BoxPredictor_4/ClassPredictor/Conv2D;Box,,REJECTED,,False,False,False
206,scale_nan,239,BoxPredictor_4/Reshape_1;BoxPredictor_4/,,ACTIVATED_OUTPUT,,False,False,False
207,scale_nan,50,FeatureExtractor/MobilenetV2/expanded_co,,REJECTED,,False,False,False
208,scale_nan,33,FeatureExtractor/MobilenetV2/expanded_co,,REJECTED,,False,False,False
209,scale_nan,37,FeatureExtractor/MobilenetV2/layer_19_2_,,REJECTED,,False,False,False
210,scale_nan,188,FeatureExtractor/MobilenetV2/expanded_co,,CRASHED,,False,False,False
211,zp_set,249,concat,-128,ACTIVATED_OUTPUT,,False,False,False
212,zp_set,173,FeatureExtractor/MobilenetV2/expanded_co,-128,ACTIVATED_OUTPUT,,False,False,False
213,zp_set,224,BoxPredictor_3/Reshape;BoxPredictor_3/Bo,0,ACTIVATED_OUTPUT,,False,False,False
214,zp_set,34,FeatureExtractor/MobilenetV2/layer_19_2_,-128,REJECTED,,False,False,False
215,zp_set,24,FeatureExtractor/MobilenetV2/expanded_co,-128,REJECTED,,False,False,False
216,zp_set,213,BoxPredictor_2/ClassPredictor/Conv2D;Box,-128,ACTIVATED_OUTPUT,,False,False,False
217,zp_set,95,FeatureExtractor/MobilenetV2/expanded_co,0,ACTIVATED_OUTPUT,,False,False,False
218,zp_set,134,FeatureExtractor/MobilenetV2/expanded_co,-128,ACTIVATED_OUTPUT,,False,False,False
219,zp_set,96,FeatureExtractor/MobilenetV2/expanded_co,-128,ACTIVATED_OUTPUT,,False,False,False
220,zp_set,101,FeatureExtractor/MobilenetV2/expanded_co,-128,ACTIVATED_OUTPUT,,False,False,False
221,zp_set,62,FeatureExtractor/MobilenetV2/expanded_co,64,REJECTED,,False,False,False
222,zp_set,86,FeatureExtractor/MobilenetV2/expanded_co,-64,ACTIVATED_OUTPUT,,False,False,False
223,zp_set,229,FeatureExtractor/MobilenetV2/layer_19_1_,-128,ACTIVATED_OUTPUT,,False,False,False
224,zp_set,39,FeatureExtractor/MobilenetV2/layer_19_1_,-128,REJECTED,,False,False,False
225,zp_set,249,concat,-64,ACTIVATED_OUTPUT,,False,False,False
226,zp_set,111,FeatureExtractor/MobilenetV2/expanded_co,64,ACTIVATED_OUTPUT,,False,False,False
227,zp_set,170,BoxPredictor_0/Reshape_1;BoxPredictor_0/,64,ACTIVATED_OUTPUT,,False,False,False
228,zp_set,41,FeatureExtractor/MobilenetV2/layer_19_1_,-128,REJECTED,,False,False,False
229,zp_set,179,FeatureExtractor/MobilenetV2/expanded_co,0,ACTIVATED_OUTPUT,,False,False,False
230,zp_set,210,BoxPredictor_2/BoxEncodingPredictor/Bias,127,ACTIVATED_OUTPUT,,False,False,False
231,zp_set,50,FeatureExtractor/MobilenetV2/expanded_co,127,REJECTED,,False,False,False
232,zp_set,130,FeatureExtractor/MobilenetV2/expanded_co,0,NOT_ACTIVATED,,False,False,False
233,zp_set,238,BoxPredictor_4/ClassPredictor/BiasAdd;Bo,127,ACTIVATED_OUTPUT,,False,False,False
234,zp_set,82,FeatureExtractor/MobilenetV2/expanded_co,0,ACTIVATED_OUTPUT,,False,False,False
235,zp_set,27,FeatureExtractor/MobilenetV2/expanded_co,127,REJECTED,,False,False,False
236,zp_set,41,FeatureExtractor/MobilenetV2/layer_19_1_,64,REJECTED,,False,False,False
237,zp_set,231,FeatureExtractor/MobilenetV2/layer_19_2_,-128,ACTIVATED_OUTPUT,,False,False,False
238,zp_set,71,FeatureExtractor/MobilenetV2/expanded_co,0,NOT_ACTIVATED,,False,False,False
239,zp_set,129,FeatureExtractor/MobilenetV2/expanded_co,-128,ACTIVATED_OUTPUT,,False,False,False
240,zp_set,162,FeatureExtractor/MobilenetV2/expanded_co,0,ACTIVATED_OUTPUT,,False,False,False
