model,mechanism,k,n,rate,ci_lo,ci_hi
efficientdet_lite0_320_ptq.tflite,det_flags,60,60,1.0,0.9398260695220669,0.9999999999999999
efficientdet_lite0_320_ptq.tflite,det_scan,60,60,1.0,0.9398260695220669,0.9999999999999999
efficientdet_lite0_320_ptq.tflite,det_output_only,0,60,0.0,0.0,0.06017393047793289
mobilenet_v2_1.0_224_quant.tflite,det_flags,1,1,1.0,0.20654329147389294,1.0
mobilenet_v2_1.0_224_quant.tflite,det_scan,0,1,0.0,0.0,0.7934567085261071
mobilenet_v2_1.0_224_quant.tflite,det_output_only,0,1,0.0,0.0,0.7934567085261071
ssd_mobilenet_v2_coco_quant_postprocess.tflite,det_flags,59,59,1.0,0.938868520215908,1.0
ssd_mobilenet_v2_coco_quant_postprocess.tflite,det_scan,58,59,0.9830508474576272,0.9100406253761469,0.9970018433070186
ssd_mobilenet_v2_coco_quant_postprocess.tflite,det_output_only,3,59,0.05084745762711865,0.017442401159453308,0.1391672332228667
